{
  "serviceName": "standard_schema",
  "type": "lvt",
  "serviceDescription": {
    "created": "20201028_115100",
    "updated": "20201028_115100",
    "author": "권필",
    "relatedService": "배경",
    "relatedClient": "표준스키마",
    "notice": "기 분리된 LVT를 Polygon/Polyline으로 통합",
    "explanation": "통합 LVT"
  },
  "config": {
    "dataSources": [
      {
        "description": "표준 데이터",
        "dataSourceName": "std",
        "driverClassName": "org.postgresql.Driver",
        "url": "jdbc:postgresql://10.113.132.168:10432/standard_test",
        "username": "irteam",
        "password": "postgres"
      },
      {
        "description": "OSM 바다",
        "dataSourceName": "osm",
        "driverClassName": "org.postgresql.Driver",
        "url": "jdbc:postgresql://10.113.132.168:10432/osm",
        "username": "irteam",
        "password": "postgres"
      }
    ],
    "dataSet": {
      "world_inland_water": {"description": "내륙수계만",
        "dataSource": "osm",
        "enabled": true,
        "coreFraction": 0.8,
        "levelSet": [
          {
            "extractQuery": "select featurecla as type, ${shape} from ne_50m_lakes_3857 where ${intersects}",
            "sourceName": "ne_50m_lakes_3857",
            "cacheSource": true,
            "visibleRange": [
              {
                "minLevel": 0,
                "maxLevel": 1
              }
            ]
          },
          {
            "extractQuery": "select featurecla as type, min_zoom, ${shape} from ne_10m_lakes_3857 where ${intersects}",
            "sourceName": "ne_10m_lakes_3857",
            "cacheSource": true,
            "visibleRange": [
              {
                "filter": "min_zoom <= 4.7",
                "minLevel": 2,
                "maxLevel": 2
              },
              {
                "filter": "min_zoom <= 5.7",
                "minLevel": 3,
                "maxLevel": 3
              },
              {
                "filter": "min_zoom <= 6.7",
                "minLevel": 4,
                "maxLevel": 4
              },
              {
                "minLevel": 5,
                "maxLevel": 5
              }
            ]
          },
          {
            "extractQuery": "select type, area, ${shape} from world190908_water_polygon_gen6 where ${intersects}",
            "sourceName": "world190908_water_polygon_gen6",
            "cacheSource": true,
            "visibleRange": [
              {
                "minLevel": 6,
                "maxLevel": 6
              }
            ]
          },
          {
            "extractQuery": "select type, area, ${shape} from world190908_water_polygon_gen5 where ${intersects}",
            "sourceName": "world190908_water_polygon_gen5",
            "cacheSource": true,
            "visibleRange": [
              {
                "minLevel": 7,
                "maxLevel": 7
              }
            ]
          },
          {
            "extractQuery": "select type, ${shape} from world190908_water_polygon_gen4 where ${intersects}",
            "sourceName": "world190908_water_polygon_gen4",
            "cacheSource": true,
            "visibleRange": [
              {
                "minLevel": 8,
                "maxLevel": 8
              }
            ]
          },
          {
            "extractQuery": "select type, ${shape} from world190908_water_polygon_gen3 where ${intersects}",
            "sourceName": "world190908_water_polygon_gen3",
            "cacheSource": true,
            "visibleRange": [
              {
                "minLevel": 9,
                "maxLevel": 9
              }
            ]
          },
          {
            "extractQuery": "select type, ${shape} from world190908_water_polygon_gen2 where ${intersects}",
            "sourceName": "world190908_water_polygon_gen2",
            "cacheSource": true,
            "visibleRange": [
              {
                "minLevel": 10,
                "maxLevel": 10
              }
            ]
          },
          {
            "extractQuery": "select type, ${shape} from world190908_water_polygon_gen1 where ${intersects}",
            "sourceName": "world190908_water_polygon_gen1",
            "cacheSource": true,
            "visibleRange": [
              {
                "minLevel": 11,
                "maxLevel": 11
              }
            ]
          },
          {
            "description": "내륙수계 자세한것도 들어갑니다. 1500만 records가 되면 안돌아가니, 1450만 이하로 만듭니다.",
            "extractQuery": "select type, ${shape} from world190908_waterareas where ${intersects}",
            "sourceName": "world190908_waterareas",
            "cacheSource": true,
            "visibleRange": [
              {
                "minLevel": 12,
                "maxLevel": 22
              }
            ]
          }
        ],
        "targetLevel": 13,
        "taskLevel": 9,
        "targetExtent": {
          "minx": -20037508.35,
          "miny": -20037508.35,
          "maxx": 20037508.35,
          "maxy": 20037508.35
        },
        "functions": [
          "waterDissolve"
        ]
      },
      "world_water": {"description": "바다만",
        "dataSource": "osm",
        "enabled": true,
        "coreFraction": 0.8,
        "levelSet": [
          {
            "extractQuery": "select 'ocean' as type, ${shape} from ne_110m_ocean_3857_split  where ${intersects}",
            "sourceName": "ne_110m_ocean_3857_split",
            "cacheSource": true,
            "visibleRange": [
              {
                "minLevel": 0,
                "maxLevel": 1
              }
            ],
            "functions": [
              "simplify_1",
              "here_preBuffer"
            ]
          },
          {
            "extractQuery": "select 'ocean' as type, ${shape} from ne_50m_ocean_3857_split where ${intersects}",
            "sourceName": "ne_50m_ocean_3857_split",
            "cacheSource": true,
            "visibleRange": [
              {
                "minLevel": 2,
                "maxLevel": 4
              }
            ],
            "functions": [
              "simplify_1",
              "here_preBuffer"
            ]
          },
          {
            "extractQuery": "select 'ocean' as type, ${shape} from ne_10m_ocean_3857_split where ${intersects}",
            "sourceName": "ne_10m_ocean_3857_split",
            "cacheSource": true,
            "visibleRange": [
              {
                "minLevel": 5,
                "maxLevel": 7
              }
            ],
            "functions": [
              "simplify_1",
              "here_preBuffer"
            ]
          },
          {
            "description": "바다가 NE-> OSM으로 변경되요",
            "extractQuery": "select 'ocean' as type, ${shape} from water_polygons where ${intersects}",
            "sourceName": "water_polygons",
            "cacheSource": true,
            "visibleRange": [
              {
                "minLevel": 8,
                "maxLevel": 10
              }
            ],
            "functions": [
              "simplify_1",
              "here_preBuffer"
            ]
          },
          {
            "description": "여기서부터 한국 자른 osm_ocean 들어가요",
            "extractQuery": "select 'ocean' as type, ${shape} from  water_polygons_3857_union  where ${intersects}",
            "sourceName": "water_polygons_3857_union",
            "cacheSource": true,
            "visibleRange": [
              {
                "minLevel": 11,
                "maxLevel": 22
              }
            ],
            "functions": [
              "simplify_1",
              "here_preBuffer"
            ]
          }
        ],
        "targetLevel": 13,
        "taskLevel": 9,
        "targetExtent": {
          "minx": -20026376.39,
          "miny": -20048966.1,
          "maxx": 20026376.39,
          "maxy": 20048966.1
        },
        "functions": [
          "waterDissolve",
          "here_postBuffer"
        ]
      },
      "standard_road_line": {"description": "도로",
        "dataSource": "std",
        "enabled": true,
        "coreFraction": 0.9,
        "levelSet": [
          {
            "extractQuery": "select minlv, maxlv, std_code, cate1, cate2, cate3, rel_z_road, ${shape} from standard_road_line where ${intersects}",
            "sourceName": "standard_road_line",
            "cacheSource": false,
            "visibleRange": [
              {
                "filter": "minlv <= 5 and maxlv >= 5",
                "minLevel": 5,
                "maxLevel": 5
              },
              {
                "filter": "minlv <= 6 and maxlv >= 6",
                "minLevel": 6,
                "maxLevel": 6
              },
              {
                "filter": "minlv <= 7 and maxlv >= 7",
                "minLevel": 7,
                "maxLevel": 7
              },
              {
                "filter": "minlv <= 8 and maxlv >= 8",
                "minLevel": 8,
                "maxLevel": 8
              },
              {
                "filter": "minlv <= 9 and maxlv >= 9",
                "minLevel": 9,
                "maxLevel": 9
              },
              {
                "filter": "minlv <= 10 and maxlv >= 10",
                "minLevel": 10,
                "maxLevel": 10
              },
              {
                "filter": "minlv <= 11 and maxlv >= 11",
                "minLevel": 11,
                "maxLevel": 11
              },
              {
                "filter": "minlv <= 12 and maxlv >= 12",
                "minLevel": 12,
                "maxLevel": 12
              },
              {
                "filter": "minlv <= 13 and maxlv >= 13",
                "minLevel": 13,
                "maxLevel": 13
              },
              {
                "filter": "minlv <= 14 and maxlv >= 14",
                "minLevel": 14,
                "maxLevel": 14
              },
              {
                "filter": "minlv <= 15 and maxlv >= 15",
                "minLevel": 15,
                "maxLevel": 15
              },
              {
                "filter": "minlv <= 16 and maxlv >= 16",
                "minLevel": 16,
                "maxLevel": 16
              },
              {
                "filter": "minlv <= 17 and maxlv >= 17",
                "minLevel": 17,
                "maxLevel": 17
              },
              {
                "filter": "minlv <= 18 and maxlv >= 18",
                "minLevel": 18,
                "maxLevel": 18
              },
              {
                "filter": "minlv <= 19 and maxlv >= 19",
                "minLevel": 19,
                "maxLevel": 19
              },
              {
                "filter": "minlv <= 20 and maxlv >= 20",
                "minLevel": 20,
                "maxLevel": 20
              },
              {
                "filter": "minlv <= 21 and maxlv >= 21",
                "minLevel": 21,
                "maxLevel": 21
              },
              {
                "filter": "minlv <= 22 and maxlv >= 22",
                "minLevel": 22,
                "maxLevel": 22
              }
            ]
          }
        ],
        "targetLevel": 15,
        "taskLevel": 13,
        "targetExtent": {
          "minx": -20026376.39,
          "miny": -20048966.1,
          "maxx": 20026376.39,
          "maxy": 20048966.1
        },
        "functions":
          [
              "road_line_dissolve",
              "simplify"
          ]
      },
      "standard_subway_line": {"description": "지하철",
        "dataSource": "std",
        "enabled": true,
        "coreFraction": 0.9,
        "levelSet": [
          {
            "extractQuery": "select minlv, maxlv, std_code, cate1, cate2, cate3, ${shape} from standard_subway_line where ${intersects}",
            "sourceName": "standard_subway_line",
            "cacheSource": false,
            "visibleRange": [
              {
                "filter": "minlv <= 11 and maxlv >= 11",
                "minLevel": 11,
                "maxLevel": 11
              },
              {
                "filter": "minlv <= 12 and maxlv >= 12",
                "minLevel": 12,
                "maxLevel": 12
              },
              {
                "filter": "minlv <= 13 and maxlv >= 13",
                "minLevel": 13,
                "maxLevel": 13
              },
              {
                "filter": "minlv <= 14 and maxlv >= 14",
                "minLevel": 14,
                "maxLevel": 14
              },
              {
                "filter": "minlv <= 15 and maxlv >= 15",
                "minLevel": 15,
                "maxLevel": 15
              },
              {
                "filter": "minlv <= 16 and maxlv >= 16",
                "minLevel": 16,
                "maxLevel": 16
              },
              {
                "filter": "minlv <= 17 and maxlv >= 17",
                "minLevel": 17,
                "maxLevel": 17
              },
              {
                "filter": "minlv <= 18 and maxlv >= 18",
                "minLevel": 18,
                "maxLevel": 18
              },
              {
                "filter": "minlv <= 19 and maxlv >= 19",
                "minLevel": 19,
                "maxLevel": 19
              },
              {
                "filter": "minlv <= 20 and maxlv >= 20",
                "minLevel": 20,
                "maxLevel": 20
              },
              {
                "filter": "minlv <= 21 and maxlv >= 21",
                "minLevel": 21,
                "maxLevel": 21
              },
              {
                "filter": "minlv <= 22 and maxlv >= 22",
                "minLevel": 22,
                "maxLevel": 22
              }
            ]
          }
        ],
        "targetLevel": 17,
        "taskLevel": 10,
        "targetExtent": {
          "minx": -20026376.39,
          "miny": -20048966.1,
          "maxx": 20026376.39,
          "maxy": 20048966.1
        },
        "functions":
          [
              "simplify",
              "subway_line_dissolve"
          ]
      },
      "standard_subway_station": {"description": "지하철역사",
        "dataSource": "std",
        "enabled": true,
        "coreFraction": 0.9,
        "levelSet": [
          {
            "extractQuery": "select minlv, maxlv, std_code, cate1, cate2, cate3, ${shape} from standard_subway_station where ${intersects}",
            "sourceName": "standard_subway_station",
            "cacheSource": false,
            "visibleRange": [
              {
                "filter": "minlv <= 15 and maxlv >= 15",
                "minLevel": 15,
                "maxLevel": 15
              },
              {
                "filter": "minlv <= 16 and maxlv >= 16",
                "minLevel": 16,
                "maxLevel": 16
              },
              {
                "filter": "minlv <= 17 and maxlv >= 17",
                "minLevel": 17,
                "maxLevel": 17
              },
              {
                "filter": "minlv <= 18 and maxlv >= 18",
                "minLevel": 18,
                "maxLevel": 18
              },
              {
                "filter": "minlv <= 19 and maxlv >= 19",
                "minLevel": 19,
                "maxLevel": 19
              },
              {
                "filter": "minlv <= 20 and maxlv >= 20",
                "minLevel": 20,
                "maxLevel": 20
              },
              {
                "filter": "minlv <= 21 and maxlv >= 21",
                "minLevel": 21,
                "maxLevel": 21
              },
              {
                "filter": "minlv <= 22 and maxlv >= 22",
                "minLevel": 22,
                "maxLevel": 22
              }
            ]
          }
        ],
        "targetLevel": 17,
        "taskLevel": 10,
        "targetExtent": {
          "minx": -20026376.39,
          "miny": -20048966.1,
          "maxx": 20026376.39,
          "maxy": 20048966.1
        },
        "functions":
          [
              "subway_line_dissolve"
          ]
      },
      "standard_union_line": {"description": "라인통합",
        "dataSource": "std",
        "enabled": true,
        "coreFraction": 0.9,
        "levelSet": [
          {
            "extractQuery": "select minlv, maxlv, std_code, cate1, cate2, cate3, ${shape} from standard_union_line where ${intersects}",
            "sourceName": "standard_union_line",
            "cacheSource": false,
            "visibleRange": [
              {
                "filter": "minlv <= 0 and maxlv >= 0",
                "minLevel": 0,
                "maxLevel": 0
              },
              {
                "filter": "minlv <= 1 and maxlv >= 1",
                "minLevel": 1,
                "maxLevel": 1
              },
              {
                "filter": "minlv <= 2 and maxlv >= 2",
                "minLevel": 2,
                "maxLevel": 2
              },
              {
                "filter": "minlv <= 3 and maxlv >= 3",
                "minLevel": 3,
                "maxLevel": 3
              },
              {
                "filter": "minlv <= 4 and maxlv >= 4",
                "minLevel": 4,
                "maxLevel": 4
              },
              {
                "filter": "minlv <= 5 and maxlv >= 5",
                "minLevel": 5,
                "maxLevel": 5
              },
              {
                "filter": "minlv <= 6 and maxlv >= 6",
                "minLevel": 6,
                "maxLevel": 6
              },
              {
                "filter": "minlv <= 7 and maxlv >= 7",
                "minLevel": 7,
                "maxLevel": 7
              },
              {
                "filter": "minlv <= 8 and maxlv >= 8",
                "minLevel": 8,
                "maxLevel": 8
              },
              {
                "filter": "minlv <= 9 and maxlv >= 9",
                "minLevel": 9,
                "maxLevel": 9
              },
              {
                "filter": "minlv <= 10 and maxlv >= 10",
                "minLevel": 10,
                "maxLevel": 10
              },
              {
                "filter": "minlv <= 11 and maxlv >= 11",
                "minLevel": 11,
                "maxLevel": 11
              },
              {
                "filter": "minlv <= 12 and maxlv >= 12",
                "minLevel": 12,
                "maxLevel": 12
              },
              {
                "filter": "minlv <= 13 and maxlv >= 13",
                "minLevel": 13,
                "maxLevel": 13
              },
              {
                "filter": "minlv <= 14 and maxlv >= 14",
                "minLevel": 14,
                "maxLevel": 14
              },
              {
                "filter": "minlv <= 15 and maxlv >= 15",
                "minLevel": 15,
                "maxLevel": 15
              },
              {
                "filter": "minlv <= 16 and maxlv >= 16",
                "minLevel": 16,
                "maxLevel": 16
              },
              {
                "filter": "minlv <= 17 and maxlv >= 17",
                "minLevel": 17,
                "maxLevel": 17
              },
              {
                "filter": "minlv <= 18 and maxlv >= 18",
                "minLevel": 18,
                "maxLevel": 18
              },
              {
                "filter": "minlv <= 19 and maxlv >= 19",
                "minLevel": 19,
                "maxLevel": 19
              },
              {
                "filter": "minlv <= 20 and maxlv >= 20",
                "minLevel": 20,
                "maxLevel": 20
              },
              {
                "filter": "minlv <= 21 and maxlv >= 21",
                "minLevel": 21,
                "maxLevel": 21
              },
              {
                "filter": "minlv <= 22 and maxlv >= 22",
                "minLevel": 22,
                "maxLevel": 22
              }
            ]
          }
        ],
        "targetLevel": 17,
        "taskLevel": 10,
        "targetExtent": {
          "minx": -20026376.39,
          "miny": -20048966.1,
          "maxx": 20026376.39,
          "maxy": 20048966.1
        },
        "functions":
          [
              "std_code_dissolve",
              "simplify"
          ]
      },
      "standard_contour_line": {"description": "등고선",
        "dataSource": "std",
        "enabled": true,
        "coreFraction": 0.9,
        "levelSet": [
          {
            "extractQuery": "select minlv, maxlv, std_code, cate1, cate2, cate3, ${shape} from standard_contour_line where ${intersects}",
            "sourceName": "standard_contour_line",
            "cacheSource": false,
            "visibleRange": [
              {
                "filter": "minlv <= 13 and maxlv >= 13",
                "minLevel": 13,
                "maxLevel": 13
              },
              {
                "filter": "minlv <= 14 and maxlv >= 14",
                "minLevel": 14,
                "maxLevel": 14
              },
              {
                "filter": "minlv <= 15 and maxlv >= 15",
                "minLevel": 15,
                "maxLevel": 15
              },
              {
                "filter": "minlv <= 16 and maxlv >= 16",
                "minLevel": 16,
                "maxLevel": 16
              },
              {
                "filter": "minlv <= 17 and maxlv >= 17",
                "minLevel": 17,
                "maxLevel": 17
              },
              {
                "filter": "minlv <= 18 and maxlv >= 18",
                "minLevel": 18,
                "maxLevel": 18
              },
              {
                "filter": "minlv <= 19 and maxlv >= 19",
                "minLevel": 19,
                "maxLevel": 19
              },
              {
                "filter": "minlv <= 20 and maxlv >= 20",
                "minLevel": 20,
                "maxLevel": 20
              },
              {
                "filter": "minlv <= 21 and maxlv >= 21",
                "minLevel": 21,
                "maxLevel": 21
              },
              {
                "filter": "minlv <= 22 and maxlv >= 22",
                "minLevel": 22,
                "maxLevel": 22
              }
            ]
          }
        ],
        "targetLevel": 13,
        "taskLevel": 10,
        "targetExtent": {
          "minx": -20026376.39,
          "miny": -20048966.1,
          "maxx": 20026376.39,
          "maxy": 20048966.1
        },
        "functions":
          [
              "std_code_dissolve"
          ]
      },
      "standard_buld_polygon": {"description": "건물",
        "dataSource": "std",
        "enabled": true,
        "coreFraction": 0.9,
        "levelSet": [
          {
            "extractQuery": "select minlv, maxlv, std_code, cate1, cate2, cate3, ${shape} from standard_buld_polygon where ${intersects}",
            "sourceName": "standard_buld_polygon",
            "cacheSource": false,
            "visibleRange": [
              {
                "filter": "minlv <= 13 and maxlv >= 13",
                "minLevel": 13,
                "maxLevel": 13
              },
              {
                "filter": "minlv <= 14 and maxlv >= 14",
                "minLevel": 14,
                "maxLevel": 14
              },
              {
                "filter": "minlv <= 15 and maxlv >= 15",
                "minLevel": 15,
                "maxLevel": 15
              },
              {
                "filter": "minlv <= 16 and maxlv >= 16",
                "minLevel": 16,
                "maxLevel": 16
              },
              {
                "filter": "minlv <= 17 and maxlv >= 22",
                "minLevel": 17,
                "maxLevel": 22
              }
            ]
          }
        ],
        "targetLevel": 17,
        "taskLevel": 10,
        "targetExtent": {
          "minx": -20026376.39,
          "miny": -20048966.1,
          "maxx": 20026376.39,
          "maxy": 20048966.1
        }
      },
      "standard_complex_polygon": {"description": "단지",
        "dataSource": "std",
        "enabled": true,
        "coreFraction": 0.9,
        "levelSet": [
          {
            "extractQuery": "select minlv, maxlv, std_code, cate1, cate2, cate3, ${shape} from standard_complex_polygon where ${intersects}",
            "sourceName": "standard_complex_polygon",
            "cacheSource": false,
            "visibleRange": [
              {
                "filter": "minlv <= 11 and maxlv >= 11",
                "minLevel": 11,
                "maxLevel": 11
              },
              {
                "filter": "minlv <= 12 and maxlv >= 12",
                "minLevel": 12,
                "maxLevel": 12
              },
              {
                "filter": "minlv <= 13 and maxlv >= 13",
                "minLevel": 13,
                "maxLevel": 13
              },
              {
                "filter": "minlv <= 14 and maxlv >= 14",
                "minLevel": 14,
                "maxLevel": 14
              },
              {
                "filter": "minlv <= 15 and maxlv >= 15",
                "minLevel": 15,
                "maxLevel": 15
              },
              {
                "filter": "minlv <= 16 and maxlv >= 16",
                "minLevel": 16,
                "maxLevel": 16
              },
              {
                "filter": "minlv <= 17 and maxlv >= 22",
                "minLevel": 17,
                "maxLevel": 22
              }
            ]
          }
        ],
        "targetLevel": 17,
        "taskLevel": 10,
        "targetExtent": {
          "minx": -20026376.39,
          "miny": -20048966.1,
          "maxx": 20026376.39,
          "maxy": 20048966.1
        },
        "functions":
          [
              "std_code_dissolve"
          ]
      },
      "standard_complex_everland_polygon": {"description": "단지에버랜드",
        "dataSource": "std",
        "enabled": true,
        "coreFraction": 0.9,
        "levelSet": [
          {
            "extractQuery": "select minlv, maxlv, std_code, cate1, cate2, cate3, color, ${shape} from standard_complex_everland_polygon where ${intersects}",
            "sourceName": "standard_complex_everland_polygon",
            "cacheSource": false,
            "visibleRange": [
              {
                "filter": "minlv <= 11 and maxlv >= 12",
                "minLevel": 11,
                "maxLevel": 12
              },
              {
                "filter": "minlv <= 13 and maxlv >= 13",
                "minLevel": 13,
                "maxLevel": 13
              },
              {
                "filter": "minlv <= 14 and maxlv >= 14",
                "minLevel": 14,
                "maxLevel": 14
              },
              {
                "filter": "minlv <= 15 and maxlv >= 15",
                "minLevel": 15,
                "maxLevel": 15
              },
              {
                "filter": "minlv <= 16 and maxlv >= 16",
                "minLevel": 16,
                "maxLevel": 16
              },
              {
                "filter": "minlv <= 17 and maxlv >= 22",
                "minLevel": 17,
                "maxLevel": 22
              }
            ]
          }
        ],
        "targetLevel": 17,
        "taskLevel": 10,
        "targetExtent": {
          "minx": -20026376.39,
          "miny": -20048966.1,
          "maxx": 20026376.39,
          "maxy": 20048966.1
        },
        "functions":
          [
              "everland_dissolve"
          ]
      },
      "standard_contour_polygon": {"description": "등고면",
        "dataSource": "std",
        "enabled": true,
        "coreFraction": 0.9,
        "levelSet": [
          {
            "extractQuery": "select minlv, maxlv, std_code, cate1, cate2, cate3, rel_z, ${shape} from standard_contour_polygon where ${intersects}",
            "sourceName": "standard_contour_polygon",
            "cacheSource": false,
            "visibleRange": [
              {
                "filter": "minlv <= 6 and maxlv >= 11",
                "minLevel": 6,
                "maxLevel": 11
              },
              {
                "filter": "minlv <= 12 and maxlv >= 13",
                "minLevel": 12,
                "maxLevel": 13
              },
              {
                "filter": "minlv <= 14 and maxlv >= 14",
                "minLevel": 14,
                "maxLevel": 14
              },
              {
                "filter": "minlv <= 15 and maxlv >= 22",
                "minLevel": 15,
                "maxLevel": 22
              }
            ]
          }
        ],
        "targetLevel": 17,
        "taskLevel": 10,
        "targetExtent": {
          "minx": -20026376.39,
          "miny": -20048966.1,
          "maxx": 20026376.39,
          "maxy": 20048966.1
        },
        "functions":
          [
              "simplify"
          ]
      },
      "standard_green_polygon": {"description": "녹지",
        "dataSource": "std",
        "enabled": true,
        "coreFraction": 0.9,
        "levelSet": [
          {
            "extractQuery": "select minlv, maxlv, std_code, cate1, cate2, cate3, ${shape} from standard_green_polygon where ${intersects}",
            "sourceName": "standard_green_polygon",
            "cacheSource": false,
            "visibleRange": [
              {
                "filter": "minlv <= 7 and maxlv >= 10",
                "minLevel": 7,
                "maxLevel": 10
              },
              {
                "filter": "minlv <= 11 and maxlv >= 11",
                "minLevel": 11,
                "maxLevel": 11
              },
              {
                "filter": "minlv <= 12 and maxlv >= 12",
                "minLevel": 12,
                "maxLevel": 12
              },
              {
                "filter": "minlv <= 13 and maxlv >= 13",
                "minLevel": 13,
                "maxLevel": 13
              },
              {
                "filter": "minlv <= 14 and maxlv >= 14",
                "minLevel": 14,
                "maxLevel": 14
              },
              {
                "filter": "minlv <= 15 and maxlv >= 15",
                "minLevel": 15,
                "maxLevel": 15
              },
              {
                "filter": "minlv <= 16 and maxlv >= 16",
                "minLevel": 16,
                "maxLevel": 16
              },
              {
                "filter": "minlv <= 17 and maxlv >= 22",
                "minLevel": 17,
                "maxLevel": 22
              }
            ]
          }
        ],
        "targetLevel": 17,
        "taskLevel": 10,
        "targetExtent": {
          "minx": -20026376.39,
          "miny": -20048966.1,
          "maxx": 20026376.39,
          "maxy": 20048966.1
        },
        "functions":
          [
              "std_code_dissolve"
          ]
      },
      "standard_golf_polygon": {"description": "골프",
        "dataSource": "std",
        "enabled": true,
        "coreFraction": 0.9,
        "levelSet": [
          {
            "extractQuery": "select minlv, maxlv, std_code, cate1, cate2, cate3, rel_z_golf, ${shape} from standard_golf_polygon where ${intersects}",
            "sourceName": "standard_golf_polygon",
            "cacheSource": false,
            "visibleRange": [
              {
                "filter": "minlv <= 12 and maxlv >= 12",
                "minLevel": 12,
                "maxLevel": 12
              },
              {
                "filter": "minlv <= 13 and maxlv >= 13",
                "minLevel": 13,
                "maxLevel": 13
              },
              {
                "filter": "minlv <= 14 and maxlv >= 14",
                "minLevel": 14,
                "maxLevel": 14
              },
              {
                "filter": "minlv <= 15 and maxlv >= 15",
                "minLevel": 15,
                "maxLevel": 15
              },
              {
                "filter": "minlv <= 16 and maxlv >= 16",
                "minLevel": 16,
                "maxLevel": 16
              },
              {
                "filter": "minlv <= 17 and maxlv >= 22",
                "minLevel": 17,
                "maxLevel": 22
              }
            ]
          }
        ],
        "targetLevel": 17,
        "taskLevel": 10,
        "targetExtent": {
          "minx": -20026376.39,
          "miny": -20048966.1,
          "maxx": 20026376.39,
          "maxy": 20048966.1
        },
        "functions":
          [
              "golf_dissolve"
          ]
      },
      "standard_water_polygon": {"description": "수계",
        "dataSource": "std",
        "enabled": true,
        "coreFraction": 0.9,
        "levelSet": [
          {
            "extractQuery": "select minlv, maxlv, std_code, cate1, cate2, cate3, ${shape} from standard_water_polygon where ${intersects}",
            "sourceName": "standard_water_polygon",
            "cacheSource": false,
            "visibleRange": [
              {
                "filter": "minlv <= 6 and maxlv >= 6",
                "minLevel": 6,
                "maxLevel": 6
              },
              {
                "filter": "minlv <= 7 and maxlv >= 7",
                "minLevel": 7,
                "maxLevel": 7
              },
              {
                "filter": "minlv <= 8 and maxlv >= 8",
                "minLevel": 8,
                "maxLevel": 8
              },
              {
                "filter": "minlv <= 9 and maxlv >= 9",
                "minLevel": 9,
                "maxLevel": 9
              },
              {
                "filter": "minlv <= 10 and maxlv >= 10",
                "minLevel": 10,
                "maxLevel": 10
              },
              {
                "filter": "minlv <= 11 and maxlv >= 11",
                "minLevel": 11,
                "maxLevel": 11
              },
              {
                "filter": "minlv <= 12 and maxlv >= 12",
                "minLevel": 12,
                "maxLevel": 12
              },
              {
                "filter": "minlv <= 13 and maxlv >= 13",
                "minLevel": 13,
                "maxLevel": 13
              },
              {
                "filter": "minlv <= 14 and maxlv >= 22",
                "minLevel": 14,
                "maxLevel": 22
              }
            ],
            "functions": [
              "simplify",
              "here_preBuffer"
            ]
          }
        ],
        "targetLevel": 17,
        "taskLevel": 10,
        "targetExtent": {
          "minx": -20026376.39,
          "miny": -20048966.1,
          "maxx": 20026376.39,
          "maxy": 20048966.1
        },
        "functions":
          [
              "std_code_dissolve",
              "here_postBuffer"
          ]
      },
      "standard_road_facility_polygon": {"description": "도로시설_폴리곤",
        "dataSource": "std",
        "enabled": true,
        "coreFraction": 0.9,
        "levelSet": [
          {
            "extractQuery": "select minlv, maxlv, std_code, cate1, cate2, cate3, ${shape} from standard_road_facility_polygon where ${intersects}",
            "sourceName": "standard_road_facility_polygon",
            "cacheSource": false,
            "visibleRange": [
              {
                "filter": "minlv <= 14 and maxlv >= 14",
                "minLevel": 14,
                "maxLevel": 14
              },
              {
                "filter": "minlv <= 15 and maxlv >= 15",
                "minLevel": 15,
                "maxLevel": 15
              },
              {
                "filter": "minlv <= 16 and maxlv >= 16",
                "minLevel": 16,
                "maxLevel": 16
              },
              {
                "filter": "minlv <= 17 and maxlv >= 22",
                "minLevel": 17,
                "maxLevel": 22
              }
            ]
          }
        ],
        "targetLevel": 17,
        "taskLevel": 10,
        "targetExtent": {
          "minx": -20026376.39,
          "miny": -20048966.1,
          "maxx": 20026376.39,
          "maxy": 20048966.1
        },
        "functions":
          [
              "std_code_dissolve"
          ]
      },
      "standard_road_polygon": {"description": "도로",
        "dataSource": "std",
        "enabled": true,
        "coreFraction": 0.9,
        "levelSet": [
          {
            "extractQuery": "select minlv, maxlv, std_code, cate1, cate2, cate3, ${shape} from standard_road_polygon where ${intersects}",
            "sourceName": "standard_road_polygon",
            "cacheSource": false,
            "visibleRange": [
              {
                "filter": "minlv <= 15 and maxlv >= 15",
                "minLevel": 15,
                "maxLevel": 15
              },
              {
                "filter": "minlv <= 16 and maxlv >= 22",
                "minLevel": 16,
                "maxLevel": 22
              }
            ]
          }
        ],
        "targetLevel": 17,
        "taskLevel": 10,
        "targetExtent": {
          "minx": -20026376.39,
          "miny": -20048966.1,
          "maxx": 20026376.39,
          "maxy": 20048966.1
        },
        "functions":
          [
              "std_code_dissolve"
          ]
      }
    },
    "functions": [
      {
        "name": "simplify",
        "function": "Simplify",
        "parameter": {
          "minLevel": 0,
          "maxLevel": 17,
          "levelDepth": 0,
          "pixel": 1,
          "validation": true,
          "topologyPreserving": true
        }
      },
      {
        "name": "simplify_1",
        "function": "Simplify",
        "parameter": {
          "minLevel": 0,
          "maxLevel": 22,
          "levelDepth": 0,
          "pixel": 1,
          "topologyPreserving": true
        }
      },
      {
        "name": "road_line_dissolve",
        "function": "Dissolve",
        "parameter": {
          "targetLevel": 0,
          "keepFields": true,
          "fields": [
            "rel_z_road"
          ]
        }
      },
      {
        "name": "std_code_dissolve",
        "function": "Dissolve",
        "parameter": {
          "targetLevel": 0,
          "keepFields": true,
          "fields": [
            "std_code"
          ]
        }
      },
      {
        "name": "contour_polygon_dissolve",
        "function": "Dissolve",
        "parameter": {
          "targetLevel": 0,
          "keepFields": true,
          "fields": [
            "rel_z"
          ]
        }
      },
      {
        "name": "contour_polygon_dissolve",
        "function": "Dissolve",
        "parameter": {
          "targetLevel": 0,
          "keepFields": true,
          "fields": [
            "rel_z_golf"
          ]
        }
      },
      {
        "name": "everland_dissolve",
        "function": "Dissolve",
        "parameter": {
          "targetLevel": 0,
          "keepFields": true,
          "fields": [
            "color"
          ]
        }
      },
      {
        "name": "subway_line_dissolve",
        "function": "Dissolve",
        "parameter": {
          "targetLevel": 0,
          "keepFields": true,
          "fields": [
            "cate3"
          ]
        }
      },
      {
        "name": "sort_key_dissolve",
        "function": "Dissolve",
        "parameter": {
          "targetLevel": 0,
          "keepFields": true,
          "fields": [
            "rel_z_poly_road",
            "rel_z",
            "std_code",
            "rel_z_golf",
            "color",
            "cate3"
          ]
        }
      },
      {
        "name": "geometryDissolve",
        "function": "Dissolve",
        "parameter": {
          "targetLevel": 0,
          "keepFields": true,
          "fields": []
        }
      },
      {
        "name": "here_preBuffer",
        "function": "Buffer",
        "parameter": {
          "levelDepth": 0,
          "pixel": 1
        }
      },
      {
        "name": "here_postBuffer",
        "function": "Buffer",
        "parameter": {
          "levelDepth": 0,
          "pixel": -1
        }
      }
    ],
    "createMVT": false,
    "numThreads": 2
  },
  "order": 0
}